{
    "TZ encryption": 223.01818181818183,
    "TZ decryption": 217.28181818181818
}