{
    "TZ encryption": 223.01818181818183,
    "TZ decryption": 217.15454545454543
}