{
    "TZ encryption": 133.6818181818182,
    "TZ decryption": 133.89090909090908
}